100,ACCT
200,ACCT
300,ACCT
400,ACCT
100,ANTH
200,ANTH
300,ANTH
400,ANTH
100,ARAB
200,ARAB
300,ARAB
400,ARAB
100,ART
200,ART
300,ART
400,ART
100,ARTH
200,ARTH
300,ARTH
400,ARTH
100,ASTR
200,ASTR
300,ASTR
400,ASTR
100,BIOC
200,BIOC
300,BIOC
400,BIOC
100,BIOL
200,BIOL
300,BIOL
400,BIOL
100,BGRD
200,BGRD
300,BGRD
400,BGRD
100,BINT
200,BINT
300,BINT
400,BINT
100,CHEM
200,CHEM
300,CHEM
400,CHEM
100,CHIN
200,CHIN
300,CHIN
400,CHIN
100,CNPH
200,CNPH
300,CNPH
400,CNPH
100,CMST
200,CMST
300,CMST
400,CMST
100,COMP
200,COMP
300,COMP
400,COMP
100,CLTC
200,CLTC
300,CLTC
400,CLTC
100,CSCR
200,CSCR
300,CSCR
400,CSCR
100,DNCE
200,DNCE
300,DNCE
400,DNCE
100,ECON
200,ECON
300,ECON
400,ECON
100,EDUC
200,EDUC
300,EDUC
400,EDUC
100,ENGL
200,ENGL
300,ENGL
400,ENGL
100,ENVS
200,ENVS
300,ENVS
400,ENVS
100,EXSS
200,EXSS
300,EXSS
400,EXSS
100,FINA
200,FINA
300,FINA
400,FINA
100,FREN
200,FREN
300,FREN
400,FREN
100,GBUS
200,GBUS
300,GBUS
400,GBUS
100,GCOM
200,GCOM
300,GCOM
400,GCOM
100,GERM
200,GERM
300,GERM
400,GERM
100,GERO
200,GERO
300,GERO
400,GERO
100,HLTH
200,HLTH
300,HLTH
400,HLTH
100,HINT
200,HINT
300,HINT
400,HINT
100,HEBR
200,HEBR
300,HEBR
400,HEBR
100,HIST
200,HIST
300,HIST
400,HIST
100,IMTX
200,IMTX
300,IMTX
400,IMTX
100,INST
200,INST
300,INST
400,INST
100,INTB
200,INTB
300,INTB
400,INTB
100,ITAL
200,ITAL
300,ITAL
400,ITAL
100,JAZZ
200,JAZZ
300,JAZZ
400,JAZZ
100,JWST
200,JWST
300,JWST
400,JWST
100,JOUR
200,JOUR
300,JOUR
400,JOUR
100,LNGS
200,LNGS
300,LNGS
400,LNGS
100,LATN
200,LATN
300,LATN
400,LATN
100,LGST
200,LGST
300,LGST
400,LGST
100,MGMT
200,MGMT
300,MGMT
400,MGMT
100,MKTG
200,MKTG
300,MKTG
400,MKTG
100,MATH
200,MATH
300,MATH
400,MATH
100,MASS
200,MASS
300,MASS
400,MASS
100,MUED
200,MUED
300,MUED
400,MUED
100,MUNM
200,MUNM
300,MUNM
400,MUNM
100,MSRT
200,MSRT
300,MSRT
400,MSRT
100,OTBS
200,OTBS
300,OTBS
400,OTBS
100,PHIL
200,PHIL
300,PHIL
400,PHIL
100,PDPT
200,PDPT
300,PDPT
400,PDPT
100,PHYS
200,PHYS
300,PHYS
400,PHYS
100,POLT
200,POLT
300,POLT
400,POLT
100,PSYC
200,PSYC
300,PSYC
400,PSYC
100,RLST
200,RLST
300,RLST
400,RLST
100,SOCI
200,SOCI
300,SOCI
400,SOCI
100,SPAN
200,SPAN
300,SPAN
400,SPAN
100,SLPA
200,SLPA
300,SLPA
400,SLPA
100,SMGT
200,SMGT
300,SMGT
400,SMGT
100,SPST
200,SPST
300,SPST
400,SPST
100,SPME
200,SPME
300,SPME
400,SPME
100,STCM
200,STCM
300,STCM
400,STCM
100,TVR
200,TVR
300,TVR
400,TVR
100,THEA
200,THEA
300,THEA
400,THEA
100,WGST
200,WGST
300,WGST
400,WGST
100,WRTG
200,WRTG
300,WRTG
400,WRTG